# PocketRoles lang/defaults-history.tsv, made by tools/LangTool (dotnet run --project tools/LangTool -- history). Do not edit by hand.
# Texts earlier versions shipped as the default of lang/<file>, and the texts of a contributor's commit (PR #1's
# zh-CN.json), never today's: the first 16 hex digits of the SHA-256 of the text, and the generation in which it was
# replaced. Lang.Load gives a host's BepInEx/PocketRoles/lang/<file> the new default only where the text is still one
# of these (replaced after the generation that file last got, BepInEx/PocketRoles/lang/defaults-applied.txt); a text
# the host wrote is never touched.
generation	8
# file	key	generation	hash
en.json	about.compat.1	1	3abb97425674abfb
en.json	about.compat.1	1	9591740a618289ae
en.json	about.compat.1	1	a1c6ff4c9d7e2949
en.json	about.compat.2	1	26276655834dc01c
en.json	about.compat.2	1	39692ed73cd58254
en.json	about.roles	1	8c079c0e7d22998b
en.json	about.roles	1	aad7cf9518e0759a
en.json	ac.cleared	1	11902694548ade07
en.json	ac.exempt	1	cbd7d49e9b66c254
en.json	ac.kicked	1	df0b3161cb9edfbb
en.json	ac.kicked.public	1	90c0126c149bc798
en.json	ac.kicked.public	1	c1c4c577eb7dbd3c
en.json	ac.list.header	1	d2a94daaae594681
en.json	ac.list.none	1	71ddba72d217c159
en.json	ac.notice	1	2a3a86883a524ac5
en.json	ac.notice.appeal	8	2b6fa03aa4b43358
en.json	ac.rule.colorspam	1	e6e2467122c0acb6
en.json	ac.rule.namechange	1	f207855b30299512
en.json	ac.rule.speedhack	1	a4c2bf8ab53a081f
en.json	ac.test.later	2	acc846ddf31265ab
en.json	ac.usage	2	903031480f9d9353
en.json	ac.usage	1	91677913ecf9f48b
en.json	ac.usage	1	e50ee9d8d8b65405
en.json	ac.usage	1	e615f4d657f06b66
en.json	ac.usage	1	eb77c169f168f553
en.json	ac.usage	1	f4f019acc47b94be
en.json	aegis.appeal.modban	8	86911bc526bce2b1
en.json	aegis.appeal.note	8	cb166f96d4bd71f8
en.json	aegis.join.host	1	7d1916c8cbc13b1e
en.json	aegis.join.public	1	31a7dcb43df087c3
en.json	aegis.join.public	1	8c19a18c40ec9170
en.json	aegis.join.public	1	f0b99cdc05d77f9d
en.json	aegis.join.public.id	8	a2cff4328da073e0
en.json	aegis.join.you	1	79794a139463e3fb
en.json	aegis.join.you	1	eb05596abe91c70e
en.json	aegis.report.done	1	07e8a6be88b0d3a5
en.json	aegis.report.done	1	9384aa701d7c9726
en.json	aegis.stop.failed	2	15a8ebe069e9d909
en.json	aegis.stop.host	2	b0b95e042ca5b329
en.json	aegis.stop.public	2	f1f63ed625cb7e83
en.json	aegis.stop.skip.cap	2	031375d9a231760a
en.json	aegis.stop.skip.noeffect	2	9108655a4ab33fe9
en.json	aegis.stop.wait	2	6eeed1e7f9cfb892
en.json	aegis.unban.done	1	60012fb5d4002e6b
en.json	aegis.update.popup	8	1b7d9101c2c6d62d
en.json	aegis.update.rules.below	8	50087133099c0225
en.json	aegis.update.rules.ignored	8	57da7afff1bd68c6
en.json	aegis.update.rules.ok	8	3bd4bc675695ed82
en.json	aegis.update.rules.src.lenient	8	13c59cfe84504859
en.json	aegis.update.rules.updated.lenient	8	e95f095bf2008405
en.json	aegis.update.steam.inplace	8	4c6b6ad189d2da12
en.json	aegis.update.steam.short.inplace	8	072ca787bf78ee37
en.json	aegis.update.toast	8	ef2f2b9fa3e16883
en.json	cmd.announce.compat	1	00d1f06d9e25ee01
en.json	cmd.announce.compat.self	1	7fcf3414a96d5332
en.json	cmd.announce.step3	1	48a92a3e55383d65
en.json	cmd.announce.step3	1	9afb7610b8eacabf
en.json	cmd.ban.usage	1	0f37d87a105a75ff
en.json	cmd.id.none	8	3fff0278a9ad7588
en.json	cmd.id.reply	1	11a76805504325bc
en.json	cmd.id.reply	8	40e0e53b3e8a92ee
en.json	cmd.id.reply	8	4bab983677885a77
en.json	cmd.id.reply	1	a01e1fe3111e7936
en.json	cmd.lang.default	1	4ec4681b0c99dc33
en.json	cmd.lang.default.usage	1	a1f017283e49b66e
en.json	cmd.lang.state	1	0e7daba8e2832807
en.json	cmd.lang.usage	1	b958a009314010c7
en.json	cmd.move.auto	1	308ae02b3975e86b
en.json	cmd.move.auto	1	dec1b6ea03d73307
en.json	cmd.move.registered	1	d02958f820e0c317
en.json	cmd.move.registered	1	ed5b2e6ddaacef25
en.json	cmd.move.sent	1	75a83607eff2a992
en.json	cmd.move.usage	1	f452aae7db328553
en.json	cmd.opt.usage2	1	5b6d188d69fff780
en.json	cmd.opt.usage2	1	86a01b2a9ea07e6f
en.json	cmd.opt.usage2	1	b8604ddd93df81a2
en.json	cmd.opt.usage2	1	cdfb6b0f4a2b87b7
en.json	cmd.public.on	8	8efc1deb6c422924
en.json	cmd.region.auto	8	7c8f9e915781528a
en.json	cmd.region.notable	8	26e3e7001922edae
en.json	cmd.ro.madmate	1	6f272e58063d7aa6
en.json	cmd.ro.sheriff	1	75304928b6406e0f
en.json	cmd.ro.sheriff.madmate	1	1b6ee00979de855d
en.json	cmd.show.compat.player	1	53ca2c45cca085ea
en.json	cmd.show.compat.player	1	80f42b77a1ccd7e2
en.json	cmd.show.compat.player	1	f008ca8848e67532
en.json	cmd.welcome.usage	1	67c7d10e69c44afe
en.json	compat.norole	1	3dfb693799d96de8
en.json	compat.norole	1	a2e99db781334849
en.json	compat.on.public	1	1532306b582902b9
en.json	compat.on.public	1	763f2ce495c0361f
en.json	compat.roles.off	1	72097615f4a29003
en.json	compat.roles.off	1	9c68eafcbc5b4c56
en.json	compat.roles.off	1	b5fb2a0451cea603
en.json	compat.welcome	1	447f985ca4322b3f
en.json	compat.welcome	1	46732b2680459709
en.json	compat.welcome	1	8c3f9676d9fcd46a
en.json	compat.welcome	1	9a206fc1ba4fe1cb
en.json	compat.welcome	1	9f890fa54ed45838
en.json	compat.welcome	1	a06a08a7450b65ec
en.json	compat.welcome	1	cc298d524071ddd0
en.json	discord.kind.compat	1	563022d2d1b867c8
en.json	discord.kind.compat	1	9fa8d94832c6b7c2
en.json	discord.kind.roles	1	e51f8176f25d3207
en.json	guide.clip	1	39be0bf1e849c96d
en.json	guide.move.auto.en	1	7b413e655322cdaf
en.json	guide.move.auto.ja	1	fac31475175d8242
en.json	guide.move.auto.zh	1	93750c7ee8122ee0
en.json	guide.move.code.en	1	d4b3dbced154ed45
en.json	guide.move.code.ja	1	fd0a41a6ba63f9b8
en.json	guide.move.code.zh	1	70ec500cefdf8903
en.json	guide.move.done	1	0b875cd56def1217
en.json	guide.move.done	1	74376cfec2380c7a
en.json	guide.move.name.en	1	cc3bbbcd560f145e
en.json	guide.move.name.ja	1	9b4966d60c255c4f
en.json	guide.move.name.zh	1	a7565637001e195b
en.json	guide.overlay.role	1	39be0bf1e849c96d
en.json	help.1	1	11075fe831661f70
en.json	help.compat.1	1	26b16b04ebc987b8
en.json	help.compat.1	1	5d909a14c99488bd
en.json	help.compat.2	1	2d0bd3a5265f4d05
en.json	help.compat.2	1	6b795b68a3c6ed7f
en.json	help.compat.2	1	b41ff72c6262e54b
en.json	help.host.me	1	243924ab682d35f9
en.json	help.host.me	1	69d11a4db19612af
en.json	help.host.ng	1	286a7ff74d38adea
en.json	help.lang	1	43e7fa3de22f6844
en.json	help.time	1	08eb3fc16a179dd5
en.json	help.translate	1	6f39884f49814179
en.json	help.translate.compat	1	a033abde3ccdc185
en.json	me.set	1	59c5267ca5f48761
en.json	me.state	1	1538ad75f7acc599
en.json	me.state.none	1	c83da9c3251d3dd1
en.json	me.usage	1	16a06a58d774270c
en.json	me.usage	1	bef1abfd4cdec975
en.json	ng.usage	1	dc563a0508e93828
en.json	ng.warn	1	eb1f2720f026a695
en.json	ng.warn.left	1	a72774e720750498
en.json	ng.warn.only	1	6f001f0a4a4e9cbe
en.json	opt.compat	1	18bc33c6f2d5809a
en.json	opt.compat	1	2cef1cb2294d9861
en.json	opt.compat	1	8bc126969df70938
en.json	opt.general	1	5f9d9900595ec5df
en.json	opt.name.anticheat	1	602601b1d7e2292e
en.json	opt.name.anticheat.endgame	2	f638902ae8b18380
en.json	opt.name.register	1	74e31c896366e62b
en.json	opt.name.register	1	762c3fcf6a4fc09f
en.json	opt.name.sheriff.killmadmate	1	5b8df7183e482bb7
en.json	opt.tip.anticheat.autoreport	8	6026fdafd837588f
en.json	opt.tip.anticheat.banladder	1	935fbf022ea1df32
en.json	opt.tip.anticheat.callout	1	851a33fb000b8259
en.json	opt.tip.anticheat.endgame	2	4ade88c991ae67ba
en.json	opt.tip.anticheat.remoterules	8	0b503c1b40e050a1
en.json	opt.tip.anticheat.remoterules	8	ba298a1fdefcbdf6
en.json	opt.tip.anticheat.remoterules	1	f096bf40a0f30467
en.json	opt.tip.anticheat.sharedbans	1	013e203c24836ec1
en.json	opt.tip.chat.welcomeall	1	6f6cfd63ddffac61
en.json	opt.tip.chat.welcomesettings	1	0596804d6412793d
en.json	opt.tip.guide.autoreg	1	9711f7f04e4a58ec
en.json	opt.tip.guide.autoreg	1	bba68cc9aaba5819
en.json	opt.tip.lang	1	c6fa48f7f198339c
en.json	opt.tip.lobby.maxping	1	678226258e512e0c
en.json	opt.tip.lobby.maxping	1	bfecf429e5713a23
en.json	opt.tip.lobby.maxping	1	ea2c58848e9d14d5
en.json	opt.tip.madmate.known	1	e3c75413c931e511
en.json	opt.tip.ng	1	42cbbfc32c87354d
en.json	opt.tip.ng.kickat	1	182c9056b2812492
en.json	opt.tip.register	1	145d898ec41e3ece
en.json	opt.tip.sheriff.killmadmate	1	5dc5548a45b9b113
en.json	opt.tip.translate.enabled	8	f50a04e5d8f09f9b
en.json	region.later	8	14f9557b96088cbc
en.json	register.migrated	1	089567fe5f02e01c
en.json	role.sheriff.desc	1	58d4cb3e480e5547
en.json	role.sheriff.desc	1	8c0a72f5ac4f3074
en.json	role.snitch.desc	4	14152ee388deae12
en.json	summary.legend	1	ad9f881501629877
en.json	summary.legend.compat	1	6184beebaf06e313
en.json	translate.compat.oneway	1	2e9bea6239c61c93
en.json	translate.disabled.notice	8	5e84db96c290c01d
en.json	translate.disabled.notice	8	d85feed708622136
en.json	ui.gear.register	1	3aba14de99d2cf69
en.json	ui.gear.register.notice	1	37c170dba1ce5198
en.json	ui.gear.register.notice	1	76d683d9e906da91
en.json	version.mismatch	1	634a15b5674e2f98
en.json	version.mismatch.ignored	1	95bf9aa39fc81692
en.json	vset.usage	1	ab6a52a15b17a7e7
en.json	welcome.1	1	05e1315ac40b4876
en.json	welcome.1	1	7491e2b12c7e54f7
en.json	welcome.1	1	a37ceb741b205fdc
en.json	welcome.1	1	cb100c7dbf9e0e31
en.json	welcome.2.compat	1	a89085fc49b3944a
en.json	welcome.2.private	1	68ac861188f96b2e
en.json	welcome.2.public	1	c6d56ab625d48a1d
ja.json	about.compat.1	1	193e1ddcfee81a64
ja.json	about.compat.1	1	50b8e3fab3db7a18
ja.json	about.compat.1	1	b51d15249a6079b5
ja.json	about.compat.2	1	35256cb3dcf0e70c
ja.json	about.roles	1	707cc16a65abc4ba
ja.json	about.roles	1	a3face3151855980
ja.json	ac.callout.role.viper	1	bcdd4c84f9d5772f
ja.json	ac.cleared	1	dbbf72ca147754d4
ja.json	ac.exempt	1	6dc3cc25928e209d
ja.json	ac.kicked	1	881fc8361f49e924
ja.json	ac.kicked.public	1	223e6be14c301a61
ja.json	ac.list.header	1	a0fb340ef6af47e8
ja.json	ac.list.none	1	2839528471d3ef12
ja.json	ac.notice	1	c75787a634806ff0
ja.json	ac.notice.appeal	8	e3bdff9e62434ad8
ja.json	ac.notice.callout	1	10e8093332172b26
ja.json	ac.rule.colorspam	1	5b7e65755c42f1c4
ja.json	ac.rule.namechange	1	5e9a743e7ec9661b
ja.json	ac.rule.protect	1	dfe0a817b54ae65b
ja.json	ac.rule.speedhack	1	4873abe2c0d717ee
ja.json	ac.test.later	2	af02903a955dd808
ja.json	ac.usage	1	37be817eaeee7c08
ja.json	ac.usage	1	4731c01aad020dd2
ja.json	ac.usage	1	713f28d3809d1f51
ja.json	ac.usage	2	725f7eba55f5c665
ja.json	ac.usage	1	7d9e570824f1908b
ja.json	ac.usage	1	e9af15b1f816ba28
ja.json	aegis.appeal.modban	8	2256e6f297f13f60
ja.json	aegis.appeal.note	8	170a5ecfc1d1b8e0
ja.json	aegis.appeal.roomonly	8	8403cbf3b0006fd2
ja.json	aegis.join.code	8	859bb3d5ec73e941
ja.json	aegis.join.host	1	477e6e9973976af8
ja.json	aegis.join.public	1	3fc1be5a9db7e981
ja.json	aegis.join.public	1	6be89acf4055bd67
ja.json	aegis.join.public.id	8	4c97004bcec9b841
ja.json	aegis.join.you	1	4f76e744eb601cb7
ja.json	aegis.join.you	1	d00a9b8c5599af8c
ja.json	aegis.report.done	1	2d15cccf1830a829
ja.json	aegis.report.done	1	c9c7d9afc9bac019
ja.json	aegis.stop.public	2	e2ef9a9691fc4be2
ja.json	aegis.stop.skip.cap	2	bc6b4bb4f307830e
ja.json	aegis.stop.skip.noeffect	2	9d3fb7fae4968076
ja.json	aegis.stop.wait	2	488b8fab46449d0e
ja.json	aegis.unban.done	1	323c42988ff61f70
ja.json	aegis.update.popup	8	f9ff7af32c69f274
ja.json	aegis.update.rules.below	8	90d2b17252e20794
ja.json	aegis.update.rules.ignored	8	f4ab855dcb626fc3
ja.json	aegis.update.rules.ok	8	25786c05e4e3cab6
ja.json	aegis.update.rules.src.lenient	8	a16b09a7d3635080
ja.json	aegis.update.rules.updated.lenient	8	22eba30d363c7c1e
ja.json	aegis.update.steam.inplace	8	be6e5590d5b5945b
ja.json	aegis.update.steam.short.inplace	8	b6d299d5bab552be
ja.json	aegis.update.toast	8	738042ffef994e3b
ja.json	cmd.announce.compat	1	e16a92f4c3837266
ja.json	cmd.announce.compat.self	1	29d9533f6082f0b3
ja.json	cmd.announce.step3	1	41042710a2d96069
ja.json	cmd.announce.step3	1	8ee6d8431ad1063f
ja.json	cmd.ban.usage	1	0de3f6f3d64c41a6
ja.json	cmd.id.none	8	e08e1c77b4be785b
ja.json	cmd.id.reply	8	eb756188a480d688
ja.json	cmd.lang.default	1	14724f4a45444a7d
ja.json	cmd.lang.default.usage	1	860a6ecc10353084
ja.json	cmd.lang.state	1	27b090e390b53c05
ja.json	cmd.lang.usage	1	f2af22e181f79472
ja.json	cmd.move.auto	1	a90e8fef39af9a9d
ja.json	cmd.move.auto	1	b96904f91bd9165e
ja.json	cmd.move.registered	1	3faa50852bbe111e
ja.json	cmd.move.registered	1	5ff24febdeaae71b
ja.json	cmd.move.sent	1	e1d93ed06587db7e
ja.json	cmd.move.usage	1	63cc4fa21724cd6b
ja.json	cmd.opt.usage2	1	06300f6e301b39f4
ja.json	cmd.opt.usage2	1	459aebe28b5533a0
ja.json	cmd.opt.usage2	1	5257bbe17b8ef16d
ja.json	cmd.opt.usage2	1	d0ca363ff607e31e
ja.json	cmd.region.auto	8	4c764a3ea24a2c97
ja.json	cmd.region.notable	8	69212c70d93a9ebb
ja.json	cmd.ro.madmate	1	e53f26b603d3ad50
ja.json	cmd.ro.sheriff	1	5999bd54ee518c96
ja.json	cmd.ro.sheriff.madmate	1	aef9a17578ea9312
ja.json	cmd.show.compat.player	1	1170792ca6d4e4a6
ja.json	cmd.show.compat.player	1	3eadd2ac7f9e21c0
ja.json	cmd.welcome.usage	1	cd0f9f0b8c07439b
ja.json	compat.norole	1	72c36157e5665cb3
ja.json	compat.norole	1	74c3946217d1ac88
ja.json	compat.norole	1	d70d889902b9836c
ja.json	compat.on.public	1	284a7013d081b7a7
ja.json	compat.roles.off	1	05d09b4735bc5faf
ja.json	compat.roles.off	1	5f94c595a493a1e5
ja.json	compat.roles.off	1	c3f6d09224c07c82
ja.json	compat.welcome	1	0ebafe83dc863de0
ja.json	compat.welcome	1	1e84a88da84ca789
ja.json	compat.welcome	1	5b3ce67d2086563e
ja.json	compat.welcome	1	b84219c37012870b
ja.json	compat.welcome	1	f9a8df011ce97e64
ja.json	discord.kind.compat	1	516d17b62079564a
ja.json	discord.kind.compat	1	cbda7ed9e35f6ec4
ja.json	discord.kind.roles	1	f3911a8942307a61
ja.json	guardian.limit	1	40416a8f73340ae9
ja.json	guide.clip	1	46526bfe7f8d111c
ja.json	guide.move.auto.en	1	7b413e655322cdaf
ja.json	guide.move.auto.ja	1	fac31475175d8242
ja.json	guide.move.auto.zh	1	93750c7ee8122ee0
ja.json	guide.move.code.en	1	d4b3dbced154ed45
ja.json	guide.move.code.ja	1	fd0a41a6ba63f9b8
ja.json	guide.move.code.zh	1	70ec500cefdf8903
ja.json	guide.move.done	1	6c8b16edc2feba9d
ja.json	guide.move.done	1	fd23bd9c67299260
ja.json	guide.move.name.en	1	cc3bbbcd560f145e
ja.json	guide.move.name.ja	1	9b4966d60c255c4f
ja.json	guide.move.name.zh	1	a7565637001e195b
ja.json	guide.overlay.role	1	46526bfe7f8d111c
ja.json	help.compat.1	1	6c5105787778591f
ja.json	help.compat.1	1	9b0826f95ffdfec3
ja.json	help.compat.2	1	169b918869a8efdd
ja.json	help.compat.2	1	30804ced7ae71f05
ja.json	help.compat.2	1	7fc6b73dc994e104
ja.json	help.host.8	1	a3d94e9e5b7eaa87
ja.json	help.host.me	1	1d9576118462db40
ja.json	help.host.me	1	22f30d5608404363
ja.json	help.host.ng	1	052eba66e1403ca3
ja.json	help.lang	1	56a8cf44c8279927
ja.json	help.time	1	f4ca4765a06fec16
ja.json	help.translate.compat	1	e882996d8bb4c802
ja.json	me.set	1	be962c89e4dc12b5
ja.json	me.state	1	8928f3e6164812b4
ja.json	me.state.none	1	d105684e70d18de6
ja.json	me.usage	1	41b93e0b0a073d94
ja.json	me.usage	1	8fea8f6d3a0b58d3
ja.json	menu.panel.desc1	1	70dc9c1f3f8e8842
ja.json	menu.panel.desc2	1	52f0803f6d909463
ja.json	ng.usage	8	618056920d78535b
ja.json	ng.usage	1	f7ccd4a3bb7e274c
ja.json	opt.compat	1	0dd0cac07f6673cc
ja.json	opt.compat	1	74eb8bd302a197f5
ja.json	opt.general	1	70931e899226b23d
ja.json	opt.name.anticheat	1	b97d740c07bf4326
ja.json	opt.name.register	1	5b24a3f468c17657
ja.json	opt.name.register	1	900e8487b38f46d1
ja.json	opt.name.sheriff.killmadmate	1	ee5520aaceae9c0c
ja.json	opt.tip.anticheat.autoreport	8	2705f324dcfcdbb7
ja.json	opt.tip.anticheat.banladder	1	38efecdb064c5538
ja.json	opt.tip.anticheat.callout	1	f4bfa4a1f10f28a8
ja.json	opt.tip.anticheat.endgame	2	52d0c920e4dfec52
ja.json	opt.tip.anticheat.remoterules	1	03522e55a84c6ede
ja.json	opt.tip.anticheat.remoterules	8	078cbe274478b389
ja.json	opt.tip.anticheat.remoterules	8	63ef4cbb03f6d10c
ja.json	opt.tip.anticheat.sharedbans	1	baf214122ee93bb9
ja.json	opt.tip.chat.welcomeall	1	09334c541883d887
ja.json	opt.tip.chat.welcomesettings	1	c0587077a305b86f
ja.json	opt.tip.guide.autoreg	1	1af2f35a2d7689ac
ja.json	opt.tip.guide.autoreg	1	6b01fc3ca7f8fc39
ja.json	opt.tip.lang	1	763cd02789d9a4a0
ja.json	opt.tip.lobby.maxping	1	14ea0ca948cbb044
ja.json	opt.tip.lobby.maxping	1	1913f74e3e3cfaae
ja.json	opt.tip.lobby.maxping	1	79864eba6dcfc481
ja.json	opt.tip.madmate.known	1	31d2220cb57f4bd4
ja.json	opt.tip.ng	1	7586f21dfe418e9f
ja.json	opt.tip.ng.kickat	1	811d1feb5eaf4cea
ja.json	opt.tip.register	1	03b6588de8bd2c24
ja.json	opt.tip.roles.vanilla	1	e536c7dc448be39e
ja.json	opt.tip.sheriff.killmadmate	1	99619572d6d6a49e
ja.json	opt.tip.translate.enabled	8	0ba2f2fb196fec05
ja.json	region.later	8	d586e657680f6ad2
ja.json	register.migrated	1	74de5f235de19011
ja.json	role.sheriff.desc	1	0cf99ee3b13ae694
ja.json	role.sheriff.desc	1	dcbac034c24c043e
ja.json	role.snitch.desc	4	f7645534473068aa
ja.json	summary.legend	1	09eab5276e88283b
ja.json	summary.legend.compat	1	35fe3058c9256118
ja.json	translate.compat.oneway	1	200e0a5724865ab8
ja.json	translate.disabled.notice	8	08ee4465b692fd14
ja.json	translate.disabled.notice	8	6a80a006e5a4fb51
ja.json	translate.title	1	f5df36954b599fb3
ja.json	ui.gear.register	1	0afcb59297145332
ja.json	ui.gear.register.notice	1	25fb76a9836c0db8
ja.json	ui.gear.register.notice	1	d8f3e507576563e8
ja.json	vanrole.crewmate	1	eb0e60e922dbbcf3
ja.json	vanrole.scientist	1	b6c918656bf086c6
ja.json	vanrole.viper	1	bcdd4c84f9d5772f
ja.json	version.mismatch	1	d064dd86c1f1f75b
ja.json	version.mismatch.ignored	1	8bf1a4eb267abfea
ja.json	vrole.sci	1	b6c918656bf086c6
ja.json	vrole.vp	1	bcdd4c84f9d5772f
ja.json	vset.name.discuss	2	aa2436067c7b6cc3
ja.json	vset.name.discuss	1	be946e5334b1b9b3
ja.json	vset.name.ga	1	cf7b0d2e89544fab
ja.json	vset.name.gacd	1	f2a52c2e7289c4ee
ja.json	vset.name.viper	1	3545d74e9690d7b7
ja.json	vset.usage	1	82e94d2e6f61a76f
ja.json	welcome.1	1	5928aee0ba02eca6
ja.json	welcome.1	1	e1becc0fdbb618a1
ja.json	welcome.1	1	e36176da830043be
ja.json	welcome.1	1	f7dd9a6c59db2caa
ja.json	welcome.2.compat	1	e16d922365fbe6ad
ja.json	welcome.2.private	1	627db1244c7859cc
ja.json	welcome.2.public	1	ce157704f80c4560
zh-CN.json	about.compat.1	1	3f4225f4f8cdad52
zh-CN.json	about.compat.1	1	725a4700abab8bdc
zh-CN.json	about.compat.1	1	a69355ba4fd896f4
zh-CN.json	about.compat.1	2	ebe9ddb2c78cb01b
zh-CN.json	about.compat.1.notr	8	d660cc09f4205258
zh-CN.json	about.compat.2	1	ad4607f1cf0d1394
zh-CN.json	about.roles	1	3754b2c6ca1f7e24
zh-CN.json	about.roles	1	397fd25afc3e85bd
zh-CN.json	about.roles	1	f2aaba82158b00ac
zh-CN.json	ac.callout.all	1	993e0cfd6fac9d93
zh-CN.json	ac.callout.detail	1	84d11b6a25f926e3
zh-CN.json	ac.callout.lobby	1	6007c166ea151637
zh-CN.json	ac.callout.role.imp	1	5ad7800f511029e1
zh-CN.json	ac.callout.role.phantom	1	10c3914c94c2916c
zh-CN.json	ac.callout.role.phantom	5	863d15a6b8e74bc9
zh-CN.json	ac.cleared	1	540dcb9f9063209e
zh-CN.json	ac.exempt	1	e86994465d0f3373
zh-CN.json	ac.kicked	1	ac77f75881644af3
zh-CN.json	ac.kicked.later	1	7073855036560280
zh-CN.json	ac.kicked.public	1	dc4fcf43bbf989b7
zh-CN.json	ac.list.header	1	85f0f21aaf01437c
zh-CN.json	ac.list.none	1	4932b452c5582f4f
zh-CN.json	ac.notice	1	e818f07d2a384394
zh-CN.json	ac.notice.appeal	8	006a7a2402c3dc2c
zh-CN.json	ac.notice.appeal	8	0bef1f2905bcc064
zh-CN.json	ac.notice.callout	1	78dcc737870c6027
zh-CN.json	ac.rule.callout	1	fe8c172f2b7f73e1
zh-CN.json	ac.rule.calloutrepeat	1	462fe19fe24ec1de
zh-CN.json	ac.rule.colorspam	1	86ae915f05f885ac
zh-CN.json	ac.rule.killphase	1	dcc9d2f267ba9c5a
zh-CN.json	ac.rule.namechange	1	684a27380f03abe2
zh-CN.json	ac.rule.protect	1	0c9fc22a978a83b1
zh-CN.json	ac.rule.report	2	457c9ce533526ff1
zh-CN.json	ac.rule.report	1	c7058778c17135b2
zh-CN.json	ac.rule.speedhack	1	79595307ea9a09fb
zh-CN.json	ac.rule.task	1	bf1e79e93f422be2
zh-CN.json	ac.rule.vent	2	a31e78f21fd28eb7
zh-CN.json	ac.rule.vent	1	f1f3fe145d2008d4
zh-CN.json	ac.rule.ventfar	1	ce957755965e701b
zh-CN.json	ac.rule.votecallout	1	40d42f61af98f725
zh-CN.json	ac.rules.lobby	2	a24c30917778c8b4
zh-CN.json	ac.rules.sig.ok	2	4ac72b5a81468c6d
zh-CN.json	ac.test.later	2	7f6f6de8f81fa277
zh-CN.json	ac.test.nostop.registered	2	eb613963dbfa1065
zh-CN.json	ac.test.self	1	56aed9c9e989a399
zh-CN.json	ac.usage	6	6e842e7054c69e84
zh-CN.json	ac.usage	1	84ece32b88c290d1
zh-CN.json	ac.usage	2	a8bb068a38094269
zh-CN.json	ac.usage	1	b66415ab35764732
zh-CN.json	ac.usage	1	b80cc5b24f00a854
zh-CN.json	ac.usage	1	f361532f9d6b2c9b
zh-CN.json	ac.usage	1	f43558380a572ef5
zh-CN.json	ac.votecallout.detail	1	792a322d63d7cf39
zh-CN.json	aegis.appeal.confirm	8	da43685c19c7b04e
zh-CN.json	aegis.appeal.confirm.cmd	8	afd1cdd614f5203a
zh-CN.json	aegis.appeal.lifted	8	c8fc3eeca7dd4727
zh-CN.json	aegis.appeal.modban	8	ace3fb584d764f98
zh-CN.json	aegis.appeal.modban	8	faabc77951cf6d2a
zh-CN.json	aegis.appeal.more	8	97057f8cc4882db6
zh-CN.json	aegis.appeal.note	8	2818c9cb13927057
zh-CN.json	aegis.appeal.note	8	f4db6964cba3a443
zh-CN.json	aegis.appeal.roomonly	8	4780be1bbc1de5ff
zh-CN.json	aegis.appeal.roomonly	8	b3c7f45ef3e9ef1b
zh-CN.json	aegis.ban.done	6	38a12c14284753b0
zh-CN.json	aegis.ban.done	7	82f8ad08685ce6e9
zh-CN.json	aegis.banbutton.done	6	2ef9720bca106fde
zh-CN.json	aegis.bans.header	6	4d884628191249ab
zh-CN.json	aegis.bans.header	2	5b0066abcb229474
zh-CN.json	aegis.bans.header	7	ec500b456409ad42
zh-CN.json	aegis.bans.none	7	53e99623a8b522d7
zh-CN.json	aegis.bans.none	6	c8a9be15ba371a0b
zh-CN.json	aegis.join.again	7	3a05060aae65dfd1
zh-CN.json	aegis.join.again	6	8e70a9b969af469e
zh-CN.json	aegis.join.early	6	2840dc2539f89b13
zh-CN.json	aegis.join.exempt	6	c876902ddb4fceee
zh-CN.json	aegis.join.host	6	05ceb4ea2fb490cc
zh-CN.json	aegis.join.host	1	b45ccdd2dbd8488a
zh-CN.json	aegis.join.public	1	2140ad88d55fd7f0
zh-CN.json	aegis.join.public	1	8081d5d1c0049dc3
zh-CN.json	aegis.join.public.id	8	82e8d8255dc585dc
zh-CN.json	aegis.join.removed	6	495e3be953753bfe
zh-CN.json	aegis.join.stuck	7	98e5c64933d21b50
zh-CN.json	aegis.join.stuck	6	f807faf4ef49f22d
zh-CN.json	aegis.join.you	1	287b16927c465e5f
zh-CN.json	aegis.join.you	1	98aefb89ddceb64c
zh-CN.json	aegis.kick.ban	6	579d3a515df25c3b
zh-CN.json	aegis.report.done	1	087ed16e6bd3c360
zh-CN.json	aegis.report.done	1	afae46aff0acafca
zh-CN.json	aegis.start.cancel	6	c7bdcaff5ab0b216
zh-CN.json	aegis.start.few	6	02cea0ac98207bd8
zh-CN.json	aegis.stop.failed	3	8003549abaec6353
zh-CN.json	aegis.stop.host	3	be997f572c101c11
zh-CN.json	aegis.stop.public	2	6911a93f1ef84b77
zh-CN.json	aegis.stop.skip.cap	2	58c4ba422bd0d320
zh-CN.json	aegis.stop.skip.grace	6	ef65502192b812f6
zh-CN.json	aegis.stop.skip.noeffect	2	3f3809684814c544
zh-CN.json	aegis.stop.skip.task	2	d0e3965e3f83fd40
zh-CN.json	aegis.stop.wait	2	db1dbdad4759b1d5
zh-CN.json	aegis.unban.aegisonly	6	4f860d3d5d40bf1e
zh-CN.json	aegis.unban.also	6	6b511a550d5f7aa8
zh-CN.json	aegis.unban.done	7	7b4bf91fc7829d1b
zh-CN.json	aegis.unban.done	6	8ed9e12c686ddbda
zh-CN.json	aegis.unban.done	1	b33ebcf6e31d171b
zh-CN.json	aegis.unban.hostonly	6	c35ec410fc56a7ca
zh-CN.json	aegis.unban.many	6	1eeee52631c86262
zh-CN.json	aegis.unban.many	7	c143e98be62f328c
zh-CN.json	aegis.unban.mistake	6	ca047637ec24bed4
zh-CN.json	aegis.unban.mistake.auto	6	92ef052157b25758
zh-CN.json	aegis.unban.none	7	23a88717c3078d0c
zh-CN.json	aegis.unban.none	6	f0c1a2a3f3048b1d
zh-CN.json	aegis.unban.usage	6	ee062037621fe063
zh-CN.json	aegis.update.inroom	8	a0d6ed1c99e222ef
zh-CN.json	aegis.update.label.title	8	02c8ff5995c54e68
zh-CN.json	aegis.update.popup	8	8ec7b4e2dd66025c
zh-CN.json	aegis.update.rules.below	8	02bec6075c4e8975
zh-CN.json	aegis.update.rules.ignored	8	7fccc9203d84c38b
zh-CN.json	aegis.update.rules.ok	8	fa0d3fb83ea7aa51
zh-CN.json	aegis.update.rules.src.lenient	8	35ab97a2562c0ced
zh-CN.json	aegis.update.rules.updated.lenient	8	a986a26b52d882b8
zh-CN.json	aegis.update.steam	8	db9931a04cbdedca
zh-CN.json	aegis.update.steam.inplace	8	910c2d9ae5ac74b3
zh-CN.json	aegis.update.steam.short	8	cb5cc0a3ca4c9514
zh-CN.json	aegis.update.steam.short.inplace	8	8fb6f3363f5212b0
zh-CN.json	aegis.update.toast	8	27d1fcd5cef5a333
zh-CN.json	assign.impostors.filled	1	95cb90812b3581cd
zh-CN.json	assign.jackalfriends.nojackal	3	60b3fb99c4923c83
zh-CN.json	cmd.announce.compat	1	61967f6454010a3b
zh-CN.json	cmd.announce.compat	1	80e607dae98ba3f0
zh-CN.json	cmd.announce.compat	3	d31b1d5e4cbbc902
zh-CN.json	cmd.announce.compat.self	1	6c8737f5dfe7f573
zh-CN.json	cmd.announce.compat.self	1	7cec41b706140cdc
zh-CN.json	cmd.announce.compat.self	3	de75f2a5c597ae0b
zh-CN.json	cmd.announce.step3	1	7de17a2ca92190d6
zh-CN.json	cmd.announce.step3	1	d03d9b23fb3bb7f7
zh-CN.json	cmd.announce.step4	3	8f32d597e97fdf7d
zh-CN.json	cmd.ban.usage	7	3c2dd6d0188c08d6
zh-CN.json	cmd.ban.usage	1	3d42a0c212922d16
zh-CN.json	cmd.ban.usage	6	f39cb84199e23e91
zh-CN.json	cmd.haison.already	3	4aa9d305184742b7
zh-CN.json	cmd.haison.busy	3	8c7205a8d7b10ccb
zh-CN.json	cmd.haison.game	3	e31be0ac86ed1dbf
zh-CN.json	cmd.haison.lobby	3	a8e93fd84bec0a35
zh-CN.json	cmd.id.none	8	d1225fffa0c0efab
zh-CN.json	cmd.id.reply	1	2d7d698a741a9d32
zh-CN.json	cmd.id.reply	8	96eccf4756952001
zh-CN.json	cmd.lang.default	1	cdddd218583a7e62
zh-CN.json	cmd.lang.default.usage	1	5cc1b48e70f0fb87
zh-CN.json	cmd.lang.state	1	56a054955af7b917
zh-CN.json	cmd.lang.usage	1	7078485f65f29394
zh-CN.json	cmd.move.auto	1	55c46df6446fa5e4
zh-CN.json	cmd.move.auto	1	9bf76a65ead1f1c1
zh-CN.json	cmd.move.auto	1	d62497c1d1803bf2
zh-CN.json	cmd.move.registered	1	64102197ec1c0cec
zh-CN.json	cmd.move.registered	1	91fa03c07707b955
zh-CN.json	cmd.move.registered	1	e7ec9e15c106bb52
zh-CN.json	cmd.move.sent	1	9c3144d7822cce79
zh-CN.json	cmd.move.sent	1	dc09bf3e6e2cf578
zh-CN.json	cmd.move.usage	1	2bb3b5999385cfd9
zh-CN.json	cmd.move.usage	1	5aaef89f46aaf495
zh-CN.json	cmd.opt.usage2	1	4dbc59fdff7ae685
zh-CN.json	cmd.opt.usage2	1	5880fc16e4b004ff
zh-CN.json	cmd.opt.usage2	1	f5a79f72879869ea
zh-CN.json	cmd.opt.usage2	1	f830c0f9c76d56fe
zh-CN.json	cmd.perm.add.usage	1	c1a6c46266eb45ae
zh-CN.json	cmd.perm.mod.state	6	7d2d92f3cf867240
zh-CN.json	cmd.perm.mod.state	5	c7712f8d27966c7d
zh-CN.json	cmd.perm.modhint	5	4d0a03537fda6643
zh-CN.json	cmd.perm.modoff	5	9520b550d7dbedd9
zh-CN.json	cmd.perm.usage	1	ea0aff36f014f1c0
zh-CN.json	cmd.region.auto	8	5bf062f07ead49ef
zh-CN.json	cmd.region.notable	8	e9d55d059d4eca78
zh-CN.json	cmd.rl.imp	1	adeb286b19d6aa4d
zh-CN.json	cmd.rl.neu	3	e75fdfceb7ce324e
zh-CN.json	cmd.ro.arsonist	5	08681af82bf00a9a
zh-CN.json	cmd.ro.arsonist	1	8f3b1c63c59f71f3
zh-CN.json	cmd.ro.arsonist.vent	5	9b58593472c8d703
zh-CN.json	cmd.ro.arsonist.vent	1	a318734ffd725250
zh-CN.json	cmd.ro.evilhawk	1	ad0e51d6c2ac9363
zh-CN.json	cmd.ro.evilnekomata	1	5c774214cd5f0a39
zh-CN.json	cmd.ro.evilnekomata	5	c98855be999a39a7
zh-CN.json	cmd.ro.jackal	1	57f8f7356b982df8
zh-CN.json	cmd.ro.jackal	5	9b4cfad65a17c84c
zh-CN.json	cmd.ro.jackal.vent	5	1f40bacc974f59d5
zh-CN.json	cmd.ro.jackal.vent	1	ab32a749774d6a58
zh-CN.json	cmd.ro.lovers	1	4f6dcc8be3b29a72
zh-CN.json	cmd.ro.madhawk.known	1	6ce1dd1234fe29ef
zh-CN.json	cmd.ro.madmate	1	55d1dedf316863b4
zh-CN.json	cmd.ro.madmate	3	91386cce31a4c74c
zh-CN.json	cmd.ro.madmate	1	fc47d02a73ac8a96
zh-CN.json	cmd.ro.madmayor	1	ca25b0a9053f9e07
zh-CN.json	cmd.ro.sheriff	3	5a0c50536027cb3f
zh-CN.json	cmd.ro.sheriff	1	926fc12f21ca22f8
zh-CN.json	cmd.ro.sheriff.madmate	1	20ee42d369248de7
zh-CN.json	cmd.ro.sheriff.madmate	3	3986f6b3b83496f8
zh-CN.json	cmd.ro.worshipper	3	b293f5f767fcb826
zh-CN.json	cmd.show.compat.player	1	09fa7455f6c00e8e
zh-CN.json	cmd.show.compat.player	1	b43e383571df88c9
zh-CN.json	cmd.show.compat.player	1	e36ec752e0327c11
zh-CN.json	cmd.time.host	3	2b7ea09d3c972140
zh-CN.json	cmd.welcome.usage	1	a60d47a4e062044d
zh-CN.json	compat.norole	1	14edb3bf57767d39
zh-CN.json	compat.norole	1	249807d406db1fa5
zh-CN.json	compat.on.public	1	672467df31f41067
zh-CN.json	compat.on.public	3	8d90966c1a2a0619
zh-CN.json	compat.roles.off	1	4dfb65a9616ddb8e
zh-CN.json	compat.roles.off	1	55713844eab428a8
zh-CN.json	compat.roles.off	1	5cc1b02eb8f93cbf
zh-CN.json	compat.roles.off	3	a8b8816ae1bc99da
zh-CN.json	compat.welcome	1	3c656f0d3879eb78
zh-CN.json	compat.welcome	1	3d1d17d45c61275d
zh-CN.json	compat.welcome	1	7518f0d976249061
zh-CN.json	compat.welcome	1	b17c997a9cf97aa6
zh-CN.json	compat.welcome	1	bf8422ed2e9160e1
zh-CN.json	discord.kind.compat	1	30de670fea221ce9
zh-CN.json	discord.kind.compat	1	67d96d64ea4aacfe
zh-CN.json	discord.kind.roles	1	4f416d4300638a8b
zh-CN.json	discord.line	1	42e05669cd8ef264
zh-CN.json	evilnekomata.drag.all	1	0e1a2aedc8fceabf
zh-CN.json	evilnekomata.dragged	1	37d981260cfd412b
zh-CN.json	gm.notice	2	b6b2457d15322cfc
zh-CN.json	gm.roleinfo	5	5e9fc4154f9b4116
zh-CN.json	gm.roleinfo	2	aa6bfc133520a85b
zh-CN.json	gm.subtitle	2	202cc2b284b55c25
zh-CN.json	gm.title	2	921ea4f16792ef75
zh-CN.json	gm.warning	2	6bb3abd4a655c921
zh-CN.json	guardian.limit	1	d2df37bcd0dbe29d
zh-CN.json	guide.clip	1	0a4be34a1879c097
zh-CN.json	guide.clip	1	1b98cfec5acc2f40
zh-CN.json	guide.move.auto.en	1	7b413e655322cdaf
zh-CN.json	guide.move.auto.ja	1	fac31475175d8242
zh-CN.json	guide.move.auto.zh	1	93750c7ee8122ee0
zh-CN.json	guide.move.code.en	1	d4b3dbced154ed45
zh-CN.json	guide.move.code.ja	1	fd0a41a6ba63f9b8
zh-CN.json	guide.move.code.zh	1	70ec500cefdf8903
zh-CN.json	guide.move.done	1	53c308062d2e4267
zh-CN.json	guide.move.done	1	eeb0d15f6a38b1bf
zh-CN.json	guide.move.name.en	1	cc3bbbcd560f145e
zh-CN.json	guide.move.name.ja	1	9b4966d60c255c4f
zh-CN.json	guide.move.name.zh	1	a7565637001e195b
zh-CN.json	guide.overlay.compat	3	52f3b1df5b49f441
zh-CN.json	guide.overlay.role	1	0a4be34a1879c097
zh-CN.json	guide.overlay.role	1	1b98cfec5acc2f40
zh-CN.json	haison.endgame	3	b821c55c7e7ae0c7
zh-CN.json	help.compat.1	1	51a73a70254c5ba7
zh-CN.json	help.compat.1	1	7bf47392f64b380d
zh-CN.json	help.compat.2	1	2c2270727e6a5360
zh-CN.json	help.compat.2	1	ebe856952fbbf676
zh-CN.json	help.compat.2	1	f259acfc08e4ce43
zh-CN.json	help.host.4	3	e98f31e4aa9ca8c2
zh-CN.json	help.host.7	3	c6b4d790228008be
zh-CN.json	help.host.8	1	3d495496fa787dfd
zh-CN.json	help.host.8	1	8e2bb8527fcc9aa8
zh-CN.json	help.host.aegis	7	20044e43bacc0373
zh-CN.json	help.host.aegis	6	da9e78051cbfafad
zh-CN.json	help.host.me	1	4913a1c90ac72c37
zh-CN.json	help.host.me	1	97826f15607a3008
zh-CN.json	help.host.me	1	e987d75079e0148f
zh-CN.json	help.host.ng	1	d206d69f6cdb5c46
zh-CN.json	help.lang	1	ffc6901f860dbfdd
zh-CN.json	help.time	1	6c311cfb8a0c5124
zh-CN.json	help.translate.compat	1	c78902d7fac068ed
zh-CN.json	hotkey.haison.game	3	174c03228d7878c7
zh-CN.json	hotkey.haison.lobby	3	84cc45bb53299efb
zh-CN.json	hotkey.haison.stuck	3	f2ba7895dc0bbc89
zh-CN.json	kill.mafia.blocked	1	5cb062c3ae3b8a78
zh-CN.json	kill.slash	4	2d93eb8f64739cc6
zh-CN.json	kill.slash	3	c3f6c2c5313bce16
zh-CN.json	kill.stuntman.guarded	3	acad96ebad3f3755
zh-CN.json	kill.stuntman.guarded.last	3	372cd9a457c755c4
zh-CN.json	kill.worship	3	98651d38c9c0b0e4
zh-CN.json	kill.worship	1	adfc42e37db6c619
zh-CN.json	kill.worship.impostor	1	5be01507dabc82d0
zh-CN.json	kill.worship.impostor	5	7cd010cdcdf9bd12
zh-CN.json	kill.worship.impostor	3	df8c73397e7020db
zh-CN.json	kill.worship.invalid	3	bd0ca026cce7417a
zh-CN.json	kill.worship.none	3	0b51cd82c42961c6
zh-CN.json	kill.worshipped	3	e66b663fd29d6d22
zh-CN.json	kill.worshipped	1	f0467fb05bd65298
zh-CN.json	lovers.follow	3	8c7d419e63a26453
zh-CN.json	me.cleared	3	9238089028650f8c
zh-CN.json	me.gm	2	569bdadf5e4625fd
zh-CN.json	me.name.impostor	1	5ad7800f511029e1
zh-CN.json	me.result.no	3	92d0e1e8ac88e006
zh-CN.json	me.set	1	b7b34e883f15a7c4
zh-CN.json	me.set.plainimp	1	6d32c4e6e5f5408a
zh-CN.json	me.state	1	eb8d8402febc25c0
zh-CN.json	me.state.none	1	fa045a522b28711b
zh-CN.json	me.usage	1	c8fc4cc9c8ecc68d
zh-CN.json	me.usage	1	f1308d31307589e0
zh-CN.json	menu.panel.desc1	1	aebea3f5fbddd45a
zh-CN.json	menu.panel.desc2	1	aa03a56b7b196220
zh-CN.json	next.cap	1	30ed363c0ff7c435
zh-CN.json	next.cycle.none	1	01f76777e230440f
zh-CN.json	next.state	1	b0d5fd829c5673c7
zh-CN.json	next.tag.imp	1	f37f1e1e45eff4e9
zh-CN.json	next.trimmed	1	ae41411addf2f074
zh-CN.json	ng.usage	1	131ec6ce6071f15a
zh-CN.json	opt.compat	1	2192614c991cc2d2
zh-CN.json	opt.compat	1	22287ffac7acfb67
zh-CN.json	opt.compat	3	447c521041e8043a
zh-CN.json	opt.compat	2	a4e27e3aaf5dfd9a
zh-CN.json	opt.compat	1	cc5feb4c8254e3fe
zh-CN.json	opt.compat	5	e66ecadf1903388a
zh-CN.json	opt.desc.arsonist.vent	5	689a0963d8bf12cc
zh-CN.json	opt.desc.arsonist.vent	1	79132d10cae84848
zh-CN.json	opt.desc.evilnekomata.impok	1	1145543767d9f422
zh-CN.json	opt.desc.jackal.vent	5	689a0963d8bf12cc
zh-CN.json	opt.desc.jackal.vent	1	79132d10cae84848
zh-CN.json	opt.desc.lovers.impostor	1	28048ff709abd138
zh-CN.json	opt.desc.madmate	1	292ca3fdece48593
zh-CN.json	opt.desc.madmayor.known	1	292ca3fdece48593
zh-CN.json	opt.desc.samurai.teammates	3	0bcffb6bc9aa3cc4
zh-CN.json	opt.desc.sheriff.madmate	3	5219173914d7a592
zh-CN.json	opt.desc.worshipper	3	e257accd2728ec7d
zh-CN.json	opt.general	1	4fa2398872eb6629
zh-CN.json	opt.host	2	4e9ee01c6129ba49
zh-CN.json	opt.name.anticheat	1	62ec952a2555d869
zh-CN.json	opt.name.anticheat	1	96a09a3a50c7c28b
zh-CN.json	opt.name.anticheat.banladder	6	e9498a11aba373c7
zh-CN.json	opt.name.anticheat.callout	1	264b2d791d9dde65
zh-CN.json	opt.name.anticheat.sharedbans	6	7001656585337925
zh-CN.json	opt.name.arsonist.vent	5	924a5759f146dafb
zh-CN.json	opt.name.arsonist.vent	1	a183a91ec2e689b9
zh-CN.json	opt.name.evilnekomata.excludeimp	1	efce9a19f91926ef
zh-CN.json	opt.name.gm	2	921ea4f16792ef75
zh-CN.json	opt.name.hotkeys.haison	3	b8b1b5d75113ed04
zh-CN.json	opt.name.jackal.vent	1	4e29aa4ec09de31a
zh-CN.json	opt.name.jackal.vent	5	924a5759f146dafb
zh-CN.json	opt.name.lovers.impostor	1	a1e0992be09d3da9
zh-CN.json	opt.name.madmate.known	1	c31ab4402f394a0b
zh-CN.json	opt.name.madmayor.known	1	c31ab4402f394a0b
zh-CN.json	opt.name.ng	2	544843e57d462abe
zh-CN.json	opt.name.perm.modkick	6	0e152d08674fd5d1
zh-CN.json	opt.name.perm.modkick	5	369719b22e669835
zh-CN.json	opt.name.perm.modkick	7	f140b305a20df68f
zh-CN.json	opt.name.register	1	7203cf4252ec8e67
zh-CN.json	opt.name.register	1	8ed97c6f3c2a0a61
zh-CN.json	opt.name.register	2	9788ace943796dd1
zh-CN.json	opt.name.register	1	ad5e15d485830b60
zh-CN.json	opt.name.sheriff.killmadmate	3	4e21641493af32e0
zh-CN.json	opt.name.sheriff.killmadmate	1	c1c7b528b8c3da6f
zh-CN.json	opt.name.translate.compat	1	233f69a8c8f5cbe7
zh-CN.json	opt.name.worshipper.cooldown	3	c178b0032b79dda5
zh-CN.json	opt.name.worshipper.uses	3	c783a9eff562d7db
zh-CN.json	opt.section.jackalfriends	3	150238190d262de0
zh-CN.json	opt.section.lighter	3	dd18ed3fb2d235e0
zh-CN.json	opt.section.madhawk	3	da3ec0084a679949
zh-CN.json	opt.section.madmate	1	00cbe03d3406ce6a
zh-CN.json	opt.section.madmate	3	a21e413a763277d5
zh-CN.json	opt.section.madmayor	3	0f0f31de72f74ac4
zh-CN.json	opt.section.madstuntman	3	ab95883b2b7cf739
zh-CN.json	opt.section.opportunist	3	8e810c9c75bfe29c
zh-CN.json	opt.section.speedbooster	3	d25b040b699fa33b
zh-CN.json	opt.section.worshipper	3	f53f025f3f61d816
zh-CN.json	opt.tip.anticheat	1	b1385e4e9f2ec2dc
zh-CN.json	opt.tip.anticheat	2	c05715ae29e40826
zh-CN.json	opt.tip.anticheat.autoreport	2	3cab889b66d506d9
zh-CN.json	opt.tip.anticheat.autoreport	8	d2603814feabacf8
zh-CN.json	opt.tip.anticheat.autoreport	8	f20dd24c24579ed3
zh-CN.json	opt.tip.anticheat.banladder	1	397a678a29ada7c8
zh-CN.json	opt.tip.anticheat.banladder	6	df8d05510a8fff66
zh-CN.json	opt.tip.anticheat.callout	1	68baa8e4f61e27c3
zh-CN.json	opt.tip.anticheat.callout	5	9def5a7dcd0a8e83
zh-CN.json	opt.tip.anticheat.callout	1	b7e44980a2f6ca54
zh-CN.json	opt.tip.anticheat.endgame	2	32362313c23e8b84
zh-CN.json	opt.tip.anticheat.endgame	3	936c2ce558f89c85
zh-CN.json	opt.tip.anticheat.endgame	2	9d0a20ee5de41f5d
zh-CN.json	opt.tip.anticheat.kick	1	d5105cb7524bbb44
zh-CN.json	opt.tip.anticheat.kick	7	df17486a44a741fc
zh-CN.json	opt.tip.anticheat.remoterules	8	5d2c7158e0561463
zh-CN.json	opt.tip.anticheat.remoterules	8	85d96457aa2b6247
zh-CN.json	opt.tip.anticheat.remoterules	8	93bff1866657d662
zh-CN.json	opt.tip.anticheat.remoterules	1	965a3006ad805eab
zh-CN.json	opt.tip.anticheat.sharedbans	1	389bec982d6ada63
zh-CN.json	opt.tip.anticheat.sharedbans	1	66c416a35bc920e1
zh-CN.json	opt.tip.anticheat.sharedbans	7	bae881e0c9b695cf
zh-CN.json	opt.tip.anticheat.sharedbans	6	cd73bc20b6aaeab3
zh-CN.json	opt.tip.arsonist.vent	5	3af08c613c17dcfd
zh-CN.json	opt.tip.arsonist.vent	1	c2f56ba5260c221c
zh-CN.json	opt.tip.chat.welcomeall	1	64948e86024bdffb
zh-CN.json	opt.tip.chat.welcomesettings	1	bd26470ab75310e0
zh-CN.json	opt.tip.evilhawk.vision	1	b3b78ee8a89fd5f8
zh-CN.json	opt.tip.evilnekomata.announce	1	0ef8a1a6b4ef8937
zh-CN.json	opt.tip.evilnekomata.excludeimp	3	6f4e7871da0dbe7a
zh-CN.json	opt.tip.evilnekomata.excludeimp	1	dcfeb8cc22659365
zh-CN.json	opt.tip.gm	2	5f71252c96fb2bd5
zh-CN.json	opt.tip.guide.autoreg	1	10be91140df08a0c
zh-CN.json	opt.tip.guide.autoreg	1	4bbc682b6bcd983c
zh-CN.json	opt.tip.guide.autoreg	1	9e35b801b72b20f9
zh-CN.json	opt.tip.hotkeys	3	e179764b7ba7e453
zh-CN.json	opt.tip.hotkeys.haison	3	2f81c7918f0b7faf
zh-CN.json	opt.tip.jackal.vent	5	5efc4fcc00409cb4
zh-CN.json	opt.tip.jackal.vent	1	ed90a94dae54f90e
zh-CN.json	opt.tip.jackalfriends.known	3	6569b56603ccefd3
zh-CN.json	opt.tip.jackalfriends.sheriff	3	43af40a498f93a34
zh-CN.json	opt.tip.lang	1	041514beeea1a6bf
zh-CN.json	opt.tip.lighter.vision	3	e3f8dab0017bad28
zh-CN.json	opt.tip.lighter.vision	1	f7e65d5c6f5e3b2f
zh-CN.json	opt.tip.lobby.extenddelay	3	3dd27ef96e4b8201
zh-CN.json	opt.tip.lobby.maxping	1	11b5c9d08d4bd1e8
zh-CN.json	opt.tip.lobby.maxping	1	ea84bc837e3177e8
zh-CN.json	opt.tip.lobby.maxping	1	eee443cc4778e6b5
zh-CN.json	opt.tip.lobby.timermode	3	748c949e200af6e2
zh-CN.json	opt.tip.lovers.impostor	1	6305bb2b530f4539
zh-CN.json	opt.tip.madhawk.speed	3	6909f5da3dceed35
zh-CN.json	opt.tip.madhawk.vision	3	cc5c9084deb86d66
zh-CN.json	opt.tip.madmate.known	3	a8ac7e47e96c2ab6
zh-CN.json	opt.tip.madmate.known	1	af5615dcfec07bbf
zh-CN.json	opt.tip.madmate.known	1	b0710a6c5bc455ee
zh-CN.json	opt.tip.madmayor.known	3	596878010cbdb89e
zh-CN.json	opt.tip.madmayor.known	1	a31f703a6a9c8f21
zh-CN.json	opt.tip.madmayor.votes	3	34d5ba0e66f99e8b
zh-CN.json	opt.tip.madstuntman.lives	1	9fd7ee62bd5f12c0
zh-CN.json	opt.tip.mayor.votes	3	65c1f4572012a79b
zh-CN.json	opt.tip.ng	1	0219b7f426523e08
zh-CN.json	opt.tip.ng.kickat	1	78ba9b19b7581dfd
zh-CN.json	opt.tip.register	1	c1533d21211b41b0
zh-CN.json	opt.tip.roles.vanilla	1	8e0842429a5f33d4
zh-CN.json	opt.tip.samurai.range	2	63d125acd64295dc
zh-CN.json	opt.tip.samurai.teammates	3	2201e1af5afbd9f1
zh-CN.json	opt.tip.samurai.teammates	1	f4456439e48f6038
zh-CN.json	opt.tip.sheriff.killmadmate	1	1e2a460833a7ef68
zh-CN.json	opt.tip.sheriff.killmadmate	1	30929d53b67e3421
zh-CN.json	opt.tip.sheriff.killmadmate	3	cc3cf6e1ff796730
zh-CN.json	opt.tip.speedbooster.speed	3	905d23a6b5afaad3
zh-CN.json	opt.tip.translate.compat	1	cd63d9c661060e9d
zh-CN.json	opt.tip.translate.enabled	8	396ac38dacb89765
zh-CN.json	opt.tip.worshipper.cooldown	3	be17cc46b5382e2d
zh-CN.json	opt.tip.worshipper.uses	3	ce59a774480674ec
zh-CN.json	perm.ban.days	6	44278c16c387c107
zh-CN.json	perm.ban.days	7	98b67c2e14c3b097
zh-CN.json	perm.ban.done	6	99d0edbbd1fe1278
zh-CN.json	perm.ban.done	7	9fb97e1bf5498cf9
zh-CN.json	perm.ban.exact	6	309eacbe2a20c1a3
zh-CN.json	perm.ban.longer	7	5b38fe4467537fc9
zh-CN.json	perm.ban.longer	6	fcab2015de28de73
zh-CN.json	perm.ban.noidentity	6	8660d5b97102f94e
zh-CN.json	perm.ban.norecord	6	fcdf359b19cbb410
zh-CN.json	perm.level.mod	5	1561e3b8c8fd1367
zh-CN.json	perm.list.ban	6	6f93ba4c79f837ca
zh-CN.json	perm.list.mod	5	1561e3b8c8fd1367
zh-CN.json	perm.noidentity	1	466100b09f543933
zh-CN.json	perm.noplayer	1	d5988a902edf9a7d
zh-CN.json	region.later	8	d81ee534252c3b76
zh-CN.json	register.migrated	1	5d403c4ee43d02a9
zh-CN.json	rehost.timer.done	3	dea3d68c9dc72e55
zh-CN.json	reveal.exiled	1	9190adb7563b189b
zh-CN.json	role.arsonist.desc	3	c0b23f0c01d3583f
zh-CN.json	role.assassin.desc	1	568971b1aeb1c69e
zh-CN.json	role.evilhawk.desc	1	05d2a00d808a5f28
zh-CN.json	role.evilhawk.desc	5	419b63aa5d381f57
zh-CN.json	role.evilnekomata.desc	5	1bde1495767408ee
zh-CN.json	role.evilnekomata.desc	1	9fe131b98ee7b46d
zh-CN.json	role.jackal.desc	1	0f5125e1e4f84c46
zh-CN.json	role.jackal.desc	5	4a6bf022257d1277
zh-CN.json	role.jackal.desc	3	569577f7c2c8229d
zh-CN.json	role.jackalfriends.desc	5	746e08640c9e78ea
zh-CN.json	role.jackalfriends.name	3	150238190d262de0
zh-CN.json	role.jester.desc	3	16c6fd968cfe88aa
zh-CN.json	role.jester.desc	5	97907dc8e60b3d16
zh-CN.json	role.jester.desc	1	c839114494f5dc84
zh-CN.json	role.lighter.name	3	dd18ed3fb2d235e0
zh-CN.json	role.lovers.desc	5	b039d4ead45f711a
zh-CN.json	role.madhawk.desc	5	19cb6651731a2864
zh-CN.json	role.madhawk.desc	1	eb734ef4e8bb6407
zh-CN.json	role.madhawk.name	3	da3ec0084a679949
zh-CN.json	role.madmate.desc	1	1fd68c757c438641
zh-CN.json	role.madmate.desc	5	f58c6061103e94a5
zh-CN.json	role.madmate.name	1	00cbe03d3406ce6a
zh-CN.json	role.madmate.name	3	a21e413a763277d5
zh-CN.json	role.madmayor.desc	5	06f317a1bbde723c
zh-CN.json	role.madmayor.desc	1	3eea4960af5480c1
zh-CN.json	role.madmayor.name	3	0f0f31de72f74ac4
zh-CN.json	role.madstuntman.desc	5	2f71d4bc86e9f867
zh-CN.json	role.madstuntman.desc	1	7f20a09927708894
zh-CN.json	role.madstuntman.name	3	ab95883b2b7cf739
zh-CN.json	role.mafia.desc	5	1658c742322f357e
zh-CN.json	role.mafia.desc	1	d35d7b18e02be864
zh-CN.json	role.opportunist.desc	5	0695a652dda75e00
zh-CN.json	role.opportunist.desc	3	eabee4b0a331caf5
zh-CN.json	role.opportunist.name	3	8e810c9c75bfe29c
zh-CN.json	role.samurai.desc	3	0ae4349b5607b138
zh-CN.json	role.samurai.desc	1	256bc5fd3e15d870
zh-CN.json	role.samurai.desc	5	c626e88799864c19
zh-CN.json	role.serialkiller.desc	3	5a6d5e38613a4d0d
zh-CN.json	role.serialkiller.desc	5	84a167358218d43d
zh-CN.json	role.serialkiller.desc	1	f273a498ab3e5a13
zh-CN.json	role.sheriff.desc	1	583f92df8a60254d
zh-CN.json	role.sheriff.desc	3	7cd97ef987700efd
zh-CN.json	role.sheriff.desc	5	93d859204b5faf51
zh-CN.json	role.sheriff.desc	1	bcaa674ec8f78f92
zh-CN.json	role.sheriff.desc	1	dd04273ca3dc6fca
zh-CN.json	role.snitch.desc	1	2dcb245a0c1c56a8
zh-CN.json	role.snitch.desc	4	30cbca32085b2dc7
zh-CN.json	role.snitch.desc	3	a2688e128619e5d1
zh-CN.json	role.snitch.desc	5	bf11f10c74a78e40
zh-CN.json	role.speedbooster.name	3	d25b040b699fa33b
zh-CN.json	role.terrorist.desc	5	1bd17655a3f2fd43
zh-CN.json	role.terrorist.desc	3	6ccdbe2e1742ca24
zh-CN.json	role.terrorist.desc	1	add5f288e8cb2dd6
zh-CN.json	role.vampire.desc	1	848fe9b4a674abe7
zh-CN.json	role.vampire.desc	5	f3102f9fdd79776f
zh-CN.json	role.witch.desc	5	459545f75fbf5143
zh-CN.json	role.witch.desc	1	960d9b9188c2540e
zh-CN.json	role.worshipper.desc	5	04f5c816e8c71f9d
zh-CN.json	role.worshipper.desc	3	079a5ba1f34262f3
zh-CN.json	role.worshipper.desc	1	f6ee0a37e9363b52
zh-CN.json	role.worshipper.name	3	f53f025f3f61d816
zh-CN.json	roleinfo.desync	1	7467b432f90b02ad
zh-CN.json	roleinfo.evilnekomata.anyone	1	dea51d0dcd9c3514
zh-CN.json	roleinfo.samurai	1	3c76cb47ae96f312
zh-CN.json	roleinfo.vanilla.imp	1	00825af6f9dcd8f2
zh-CN.json	roleinfo.worshipper.converted	3	9765ef81396a9ce5
zh-CN.json	roleinfo.worshipper.uses	3	6fd7735f833806a1
zh-CN.json	summary.side.imp	5	af6bce6fbb39fd32
zh-CN.json	summary.side.imp	1	eed41871e5084f60
zh-CN.json	summary.side.imp.vanilla	1	5ad7800f511029e1
zh-CN.json	summary.side.neutral	3	518b1e77363c2853
zh-CN.json	team.impostor	1	eed41871e5084f60
zh-CN.json	team.neutral	3	31cb05b2129ce6cf
zh-CN.json	timer.close.few	3	80c41bd0bbd6c502
zh-CN.json	timer.recreate	3	dfb8a886c68aebd0
zh-CN.json	translate.compat.oneway	1	95fbd087c1c8bb22
zh-CN.json	translate.disabled.notice	8	b710a11838623870
zh-CN.json	translate.disabled.notice	8	e8c6d091e800dae8
zh-CN.json	translate.title	1	8a6cb14e2f9a7cd5
zh-CN.json	ui.gear.gm	2	921ea4f16792ef75
zh-CN.json	ui.gear.register	1	855e53f5b715bd94
zh-CN.json	ui.gear.register.notice	1	261aa89e44bb9f1a
zh-CN.json	ui.gear.register.notice	2	8b7d83a6c983b45f
zh-CN.json	ui.gear.register.notice	1	a0b1c49186c5af66
zh-CN.json	ui.gear.register.notice	1	f070149823a5eb0e
zh-CN.json	ui.gear.timermode.haison	3	545d327080f825f6
zh-CN.json	ui.help.vent	1	1c53534e21423e85
zh-CN.json	ui.help.vent	5	f355d30bff5246fd
zh-CN.json	ui.host.haison	3	545d327080f825f6
zh-CN.json	ui.host.nextimp	1	849d1f5241738201
zh-CN.json	ui.tab.vanilla.collapsed	2	ee0d40c1888f613a
zh-CN.json	vanrole.impostor	1	5ad7800f511029e1
zh-CN.json	vanrole.judge	1	8be0e19cea8a36bb
zh-CN.json	vanrole.noisemaker	1	6d4ec982d817475a
zh-CN.json	vanrole.phantom	1	10c3914c94c2916c
zh-CN.json	vanrole.phantom	5	863d15a6b8e74bc9
zh-CN.json	vanrole.tracker	1	40cce25e1bad4717
zh-CN.json	vent.blocked	1	2888c64793d921d5
zh-CN.json	vent.blocked	5	4ae26eea3457be75
zh-CN.json	version.mismatch	1	457ef79b8e01c0fa
zh-CN.json	version.mismatch.ignored	1	502841cee081d86e
zh-CN.json	vrole.imp	1	5ad7800f511029e1
zh-CN.json	vrole.nm	1	6d4ec982d817475a
zh-CN.json	vrole.ph	1	10c3914c94c2916c
zh-CN.json	vrole.ph	5	863d15a6b8e74bc9
zh-CN.json	vrole.tr	1	40cce25e1bad4717
zh-CN.json	vset.compat.show	2	7a8b24c4354b5350
zh-CN.json	vset.name.detective	5	34596f7fc026c4f0
zh-CN.json	vset.name.detective	1	9918cd5406fb8dfe
zh-CN.json	vset.name.emergency	1	07ea20356e93137d
zh-CN.json	vset.name.ga	1	dbd7feb73f7cb194
zh-CN.json	vset.name.ga	5	f64a07593a2142e4
zh-CN.json	vset.name.gacd	1	5f90c570f144805d
zh-CN.json	vset.name.impvision	1	52b53e3dcd8648e2
zh-CN.json	vset.name.judge	1	75a3dc822294fabe
zh-CN.json	vset.name.judge	5	83712912fca6baa9
zh-CN.json	vset.name.killcd	1	63654eddc061b7ab
zh-CN.json	vset.name.noise	5	9d07133593662390
zh-CN.json	vset.name.noise	1	b9fb60980401f146
zh-CN.json	vset.name.phantom	5	0ada11b82cb6314f
zh-CN.json	vset.name.phantom	1	62a5bbc986c9585e
zh-CN.json	vset.name.phantomcd	1	aefa0b66512c854a
zh-CN.json	vset.name.phantomcd	5	f53ecb791f30a3ee
zh-CN.json	vset.name.shift	1	00d63ce598e944a7
zh-CN.json	vset.name.shiftcd	1	ae222298bfe824de
zh-CN.json	vset.name.speed	1	0129f25ebe727862
zh-CN.json	vset.name.track	5	032bec3f0dca2717
zh-CN.json	vset.name.track	1	5d7cb422eed29324
zh-CN.json	vset.name.trackcd	5	41345366ffac7dae
zh-CN.json	vset.name.trackcd	1	5a6b65acd203882e
zh-CN.json	vset.name.trackdelay	1	5a8f47585978c1c8
zh-CN.json	vset.name.trackdelay	5	f071e82876bc88b5
zh-CN.json	vset.name.ventcd	1	9a4cc2988cbffad4
zh-CN.json	vset.name.venttime	1	825e650e8ccf725f
zh-CN.json	vset.name.ventuses	1	28039558d79c67bd
zh-CN.json	vset.name.vitals	1	f4ffc901bfa365d4
zh-CN.json	vset.name.vitalscd	1	bff6e3a264d7efe6
zh-CN.json	vset.name.vitalscrew	1	ab0f209c8e0c71b7
zh-CN.json	vset.usage	1	6458192b3ea0cb0d
zh-CN.json	welcome.1	1	037fbbf322391c0e
zh-CN.json	welcome.1	1	81f4a0d78406ccfa
zh-CN.json	welcome.1	1	c4ad90551ca7c445
zh-CN.json	welcome.1	1	cc2808d6cc754480
zh-CN.json	welcome.2.compat	1	57de6a3cc4d78959
zh-CN.json	welcome.2.private	1	5fab7f6c86bd0a4d
zh-CN.json	welcome.2.public	1	b4e1beb77975f080
zh-CN.json	win.impostor	1	8576529b19d6e696
